{"cameraMode":{"drawMode":0,"name":"Shaded","section":"Shading Mode"},"sceneLighting":true,"audioPlay":false,"sceneViewState":{"m_AlwaysRefresh":false,"showFog":true,"showSkybox":true,"showFlares":true,"showImageEffects":true,"showParticleSystems":true,"showVisualEffectGraphs":true,"m_FxEnabled":true},"in2DMode":false,"pivot":{"x":0.014684349298477173,"y":-9.395125389099121,"z":8.776659965515137},"rotation":{"x":-0.2626390755176544,"y":-0.02139725349843502,"z":0.005863655358552933,"w":-0.9646886587142944},"size":19.119544982910158,"orthographic":false}